id,name,target,sponsor,status,conditions,phases,last_updated,study_start,study_end,enrollment,primary_outcome,monitor_status,last_monitored_change,details,changed_today
NCT07358260,B7-H3.CD28Z.CART in Solid Tumors,B7-H3,Robbie Majzner,NOT_YET_RECRUITING,"Pediatric Solid Tumor, Neuroblastoma",PHASE1,2026-01-14,2026-06,2031-12-31,40,Manufacturing Success Rate of Autologous B7-H3.CD28Z CART Cells,No Change,2026-02-05,"This is a Phase I, open-label, single-center, dose-escalation study testing the safety and effectiveness of a new cell therapy B7-H3.CD28Z.CART / B7-H3 CAR T cells in children and young adult subjects with relapsed and/or refractory solid tumors expressing B7-H3.

The B7-H3 protein is found in high levels on many pediatric solid tumors (like neuroblastoma, osteosarcoma, and others), this cell therapy uses genetically altered blood cells as an investigational cell product designed to recognize, bind to and help kill cells that express B7-H3.

This is the first time that these specific B7-H3 CAR T cells will be given to humans. There are several other studies using a similar genetically modified version of B7-H3 CAR T cells and other studies have shown that B7-H3 is a safe target.

The U.S. Food and Drug Administration (FDA) has not approved B7-H3 CAR T cells as a treatment for any disease.

The research study procedures include screening for eligibility, in-clinic visits, blood tests, urine tests, electrocardiograms (ECGs), echocardiograms (ECHOs), bone marrow biopsies and aspirations.

It is expected up to 40 people will take part in this research study.

Band of Parents a non-profit organization is supporting this research study by providing funding.",
NCT06500819,Autologous B7-H3 Chimeric Antigen Receptor T Cells in Relapsed/Refractory Solid Tumors,B7-H3,Stanford University,RECRUITING,"Neuroblastoma, Sarcoma, Osteosarcoma",PHASE1,2026-05-01,2024-07-11,2029-07,41,Feasibility of manufacturing autologous T cells,Changed,2026-05-26,The purpose of this study is to test the manufacturing feasibility and safety of intravenous (IV) administration of B7-H3CART in children and young adult subjects with relapsed and/or refractory solid tumors expressing B7-H3 target using a standard 3+3 dose escalation design.,
NCT05515185,B7-H3 Targeting CAR-T Cells Therapy for B7-H3 Positive Solid Tumors,B7-H3,The First People's Hospital of Lianyungang,UNKNOWN,Advanced Solid Tumor,EARLY_PHASE1,2022-08-23,2022-09-09,2024-09-08,30,Dose-limiting toxicity,No Change,2026-02-05,"This is a single-center, single-arm, open-label study. This study is planned to enroll about 30 subjects with advanced solid tumors. Autologous CAR-T cells were then infused intravenously into subjects, in a dose-escalating 3+3 design.",
NCT06778603,B7-H3 NIR Imaging for Osteosarcoma Surgery,B7-H3,Peking University People's Hospital,RECRUITING,"Osteosarcoma, Resection Margins, B7-H3 Probe, Local Recurrence","PHASE1, PHASE2",2025-01-11,2024-01-01,2026-12-31,32,Safety,No Change,2026-04-07,"Complete removal of all tumor tissue with a wide surgical margin is essential for the treatment of osteosarcoma (OS). However, it's difficult, sometimes impossible, to achieve due to the invisible small satellite lesions and blurry tumor boundaries. Besides, intraoperative frozen-section analysis of resection margins of OS is often restricted by the hard tissues around OS, which makes it impossible to know whether a negative margin is achieved. Herein, based on the high expression of B7-H3 in OS, a targeted probe B7H3-IRDye800CW is synthesized by conjugating anti-B7H3 antibody and IRDye800CW. This trial is aimed to investigate R0-resection rate and 2-y local recurrence rate after using this probe in Musculoskeletal tumor surgery for osteosarcoma as well as the safety parameters of this probe in human.",
NCT05942456,Soluble B7-H3 as a Biomarker for Osteosarcoma,B7-H3,Peking University People's Hospital,UNKNOWN,"Biomarker, Progression, Osteosarcoma, Surveillance",N/A,2024-05-11,2023-06-05,2024-12-31,200,correlation of quantity of Protein B7-H3 Expression with clinical evaluation,Changed,2026-06-02,"Increasing data has indicated an association between increased soluble B7-H3 (sB7-H3) levels and unfavorable prognosis in patients with malignancies. However, the level of sB7-H3 and its clinical significance in osteosarcoma are not well known. In this present study, we investigated whether sB7-H3 levels in serum could be as a biomarker for osteosarcoma treatment.",
NCT04077866,B7-H3 CAR-T for Recurrent or Refractory Glioblastoma,B7-H3,"Second Affiliated Hospital, School of Medicine, Zhejiang University",UNKNOWN,"Recurrent Glioblastoma, Refractory Glioblastoma","PHASE1, PHASE2",2022-12-25,2023-06-01,2025-08-01,40,Overall survival (OS),No Change,2026-02-05,"Background

* B7-H3 is expressed in 70% of patients with glioblastoma
* B7-H3 is not expressed in normal tissues especially not in central nervous system. Therefore, it is an attractive GBM target for CAR-T therapy
* The investigators constructed a retroviral vector encoding a chimeric antigen receptor (CAR) targeting B7-H3, which can mediate CAR transfer into patient T cells with high efficiency.

Objectives

* To evaluate the safety and tolerability intratumoral/intracerebroventricular injection of B7-H3 CAR-T when used in between Temozolomide cycles
* To compare the overall survival (OS) and progression-free survival (PFS) of R/R GBM patients treated with B7-H3 CAR-T in between Temozolomide cycles vs Temozolomide alone
* To access the pharmacokinetics and pharmacodynamics of B7-H3 CAR-T in between Temozolomide cycles

Design

* Experimental group: Patients autologous T cells are activated and transduced with retrovirus containing B7-H3 CAR. CAR-T cells are expanded ex vivo and infused back to patients via intratumoral or intracerebroventricular injection through an Ommaya catheter. 3 injections of CAR-T are planned at two different doses with 1-2 weeks intervals. The CAR-T injections occur in between Temozolomide (TMZ) cycles. Temozolomide treatment during the cycles of CAR-T injections will be stopped and resumed next cycle. Patients may receive additional CAR-T cycles at the discretion of the principal investigator and oncologist.
* Control group: Patients will receive regular cycles of Temozolomide treatment with 5 days of treatment and 23 days of interval.",
NCT05474378,B7-H3 Chimeric Antigen Receptor T Cells (B7-H3CART) in Recurrent Glioblastoma Multiforme,B7-H3,Stanford University,RECRUITING,Brain and Nervous System,PHASE1,2026-04-01,2022-07-12,2026-08,39,Number of successful manufacturing product (B7-H3CART) that met minimum assigned dose level range,No Change,2026-04-08,"This is an open label, non-randomized, single site Phase I study to test the manufacturing feasibility and safety of locoregional (LR) administration of B7-H3CART into the central nervous system of adult subjects with recurrent IDH wild-type GBM using a standard 3+3 dose escalation design.",
NCT04897321,B7-H3-Specific Chimeric Antigen Receptor Autologous T-Cell Therapy for Pediatric Patients With Solid Tumors (3CAR),B7-H3,St. Jude Children's Research Hospital,RECRUITING,"Pediatric Solid Tumor, Osteosarcoma, Rhabdomyosarcoma, Neuroblastoma, Ewing Sarcoma, Wilms Tumor, Adrenocortical Cancer, Desmoplastic Small Round Cell Tumor, Germ Cell Cancer, Rhabdoid Tumor, Clear Cell Sarcoma, Hepatoblastoma, Melanoma, Carcinoma, Malignant Peripheral Nerve Sheath Tumors, Soft Tissue Sarcoma",PHASE1,2026-05-18,2022-07-06,2028-03-01,48,Safety of B7-H3-CAR T cells,Changed,2026-05-26,"Treatment will include a single infusion of B7-H3-CAR T cells after lymphodepleting chemotherapy, with dosing based on the number of CAR+ T cells and patient weight. The study will evaluate the safety and maximum tolerated dose (MTD) of B7-H3-CAR T cells, using a standard 3+3 study design and a 6-week evaluation period. The total study duration will be 1 year, at which point patients will enroll on our existing institutional long-term follow-up protocol.",
NCT06158139,Autologous CAR-T Cells Targeting B7-H3 in PDAC,B7-H3,UNC Lineberger Comprehensive Cancer Center,RECRUITING,"Pancreas Cancer, Relapse, Resistant Cancer",PHASE1,2026-06-05,2024-07-18,2030-04,27,Number of participants with adverse event,Changed,2026-06-09,"**[RECENT CHANGES FOUND]**
Field `statusModule.statusVerifiedDate` changed from `2026-03` to `2026-06`
Field `statusModule.lastUpdateSubmitDate` changed from `2026-03-16` to `2026-06-05`
Field `statusModule.lastUpdatePostDateStruct.date` changed from `2026-03-19` to `2026-06-08`

***
This is a phase 1, single-center, open-label study to determine the safety of escalating doses of chimeric antigen receptor T cells (CAR-T) cells targeting the B7-H3 antigen and containing the inducible caspase 9 safety switch (iC9-CAR.B7-H3 T cells) administered to adult subjects with refractory pancreatic ductal adenocarcinoma. The safety of iC9-CAR.B7-H3 T cells will be investigated using a modified 3+3 design with a starting dose of 1 × 106 transduced cells/kg. The data from the dose escalation will be used to determine a recommended phase 2 dose, which will be decided based on the maximum tolerated dose and additional factors such as the ability to manufacture sufficient cells for infusion.

The body has different ways of fighting cancer and other diseases; however, no single way seems perfect. The experimental treatment in this study combines two different ways the body fights cancer, and they are antibodies and T cells. Antibodies are proteins that protect the body from foreign invaders like bacteria. Antibodies work by attaching to these bacteria or substances, which stops them from growing and causing bad effects. T cells are special infection-fighting blood cells that can kill viruses and other cells, including tumor cells. Antibodies and T cells have been used to treat patients with cancer. They both have shown promise, but neither alone has been able to cure most patients. The treatment that is being studied in this study is called autologous T lymphocyte chimeric antigen receptor cells targeted against the B7-H3 antigen and containing inducible caspase 9 safety switch (iC9). The short name for this treatment is iC9.CAR.B7-H3 T cells. For the rest of this consent, we will refer to the iC9.CAR.B7-H3 T cells as the modified CAR-T cells for ease of reading this consent.",True
NCT04385173,Pilot Study of B7-H3 CAR-T in Treating Patients With Recurrent and Refractory Glioblastoma,B7-H3,"Second Affiliated Hospital, School of Medicine, Zhejiang University",UNKNOWN,"Recurrent Glioblastoma, Refractory Glioblastoma",PHASE1,2022-12-25,2022-12-01,2024-05-01,12,Incidence and type of adverse events,No Change,2026-02-05,"Background

* B7-H3 is expressed in 70% of patients with glioblastoma
* B7-H3 is not expressed in normal tissues especially not in central nervous system. Therefore, it is an attractive GBM target for CAR-T therapy
* The investigators constructed a retroviral vector encoding a chimeric antigen receptor (CAR) targeting B7-H3, which can mediate CAR transfer into patient T cells with high efficiency.

Objectives

* To evaluate the safety and tolerability intratumoral/intracerebroventricular injection of B7-H3 CAR-T when used in between Temozolomide cycles
* To compare the overall survival (OS) and progression-free survival (PFS) of R/R GBM patients treated with B7-H3 CAR-T in between Temozolomide cycles to the historical Temozolomide data
* To access the pharmacokinetics and pharmacodynamics of B7-H3 CAR-T in between Temozolomide cycles

Design

Patients autologous T cells are activated and transduced with retrovirus containing B7-H3 CAR. CAR-T cells are expanded ex vivo and infused back to patients via intratumoral or intracerebroventricular injection through an Ommaya catheter. 3 injections of CAR-T are planned at two different doses with 1-2 weeks intervals. The CAR-T injections occur in between Temozolomide (TMZ) cycles. Temozolomide treatment in the cycle of CAR-T injections will be stopped and resumed next cycle. Patients may receive additional CAR-T cycles at the discretion of the principal investigator and oncologist.",
NCT05835687,Loc3CAR: Locoregional Delivery of B7-H3-CAR T Cells for Pediatric Patients With Primary CNS Tumors,B7-H3,St. Jude Children's Research Hospital,RECRUITING,"Central Nervous System Neoplasms, Atypical Teratoid/Rhabdoid Tumor, Diffuse Midline Glioma, H3 K27M-Mutant, Ependymoma, High Grade Glioma, Glioblastoma, Medulloblastoma",PHASE1,2026-05-01,2023-04-27,2028-03,48,Maximum tolerated dose (MTD),Changed,2026-05-26,Treatment on this study includes four (4) B7-H3-CAR T cell infusions over a 4 week period. B7-H3-CAR T cells will be locoregionally administered via a CNS reservoir catheter without lymphodepleting chemotherapy. The study will evaluate the safety and maximum tolerated dose (MTD) of B7-H3-CAR T cells using a 3+3 study design and a 4 week evaluation period. Follow up will occur on this protocol for 1 year after the final B7-H3-CAR T cell infusion and then continue on an institutional long-term follow up protocol to complete 15 years post-infusion.,
NCT02628535,Safety Study of MGD009 in B7-H3-expressing Tumors,B7-H3,MacroGenics,TERMINATED,"Mesothelioma, Bladder Cancer, Melanoma, Squamous Cell Carcinoma of the Head and Neck, Non Small Cell Lung Cancer, Clear Cell Renal Cell Carcinoma, Ovarian Cancer, Thyroid Cancer, Breast Cancer, Pancreatic Cancer, Prostate Cancer, Colon Cancer, Soft Tissue Sarcoma",PHASE1,2022-02-04,2015-09,2019-11-25,67,Number of participants with adverse events,No Change,2026-02-05,"This study is a Phase 1 open-label, dose escalation, cohort expansion, and efficacy follow-up study of MGD009 administered intravenously (IV) on an every-other-week schedule for up to one year (14 cycles).

The dose escalation phase is designed to characterize the safety and tolerability of MGD009 and to define the maximum tolerated or maximum administered dose (MTD/MAD). This phase will enroll patients with mesothelioma, bladder cancer, melanoma, squamous cell carcinoma of the head and neck (SCCHN), non-small cell lung cancer (NSCLC), clear cell renal cell carcinoma (ccRCC), ovarian cancer, thyroid cancer, triple-negative breast cancer (TNBC), pancreatic cancer, colon cancer, soft tissue sarcoma, or prostate cancer.

In the cohort expansion phase, 6 cohorts of 16 patients each will be enrolled to further evaluate the safety and potential efficacy of MGD009 administered at the MTD/MAD dose in patients with mesothelioma, bladder cancer, melanoma, SCCHN, NSCLC, or other specific tumors that express high levels of B7-H3. Pre- and on-study biopsies are required for melanoma patients in the cohort expansion phase. Two additional cohorts (up to15 patients each) will evaluate the use of prophylaxis therapies to mitigate toxicity.

The survival follow-up phase consists of the 2-year period after the final dose of study drug.

All tumor evaluations will be carried out by both Response Evaluation Criteria in Solid Tumors (RECIST) and immune-related response criteria (irRC).",
NCT07222735,Hypofractionated Radiation in Combination With B7-H3-CAR T Cells for Pediatric Patients With Relapsed/Refractory Sarcomas,B7-H3,St. Jude Children's Research Hospital,RECRUITING,"Sarcoma, Childhood Osteosarcoma, Childhood Rhabdomyosarcoma, Childhood Soft Tissue Sarcoma, Ewing Sarcoma",PHASE1,2026-02-06,2026-01-21,2031-11-05,42,Dose limiting toxicity (DLT) rate,No Change,2026-02-10,"This study is a phase I study designed to describe the safety of B7-H3-CAR T cells and lymphodepletion in combination with hypofractionated radiation therapy for the treatment of pediatric patients with B7-H3+ sarcoma.

The study will contain two-part eligibility criterion: one to proceed with autologous apheresis and manufacturing of CAR T cells, and a second to proceed with CAR T cell treatment.

The primary intervention is the administration of autologous B7-H3-CAR T cells, after priming with HFRT and administration of lymphodepleting chemotherapy. Peripheral blood mononuclear cells (PBMC) will be collected by autologous apheresis. Treatment will include HFRT to at least one site of disease, administered in parallel with a single course of lymphodepleting chemotherapy (fludarabine/cyclophosphamide) and followed by CAR T cell infusion. Participants are evaluated for a post-treatment tumor biopsy and may choose to be evaluated for a pre-treatment tumor biopsy. Participants who meet specified criteria will be eligible for optional additional treatment courses.",
NCT06018363,Clinical Study on the Treatment of Malignant Brain Glioma by QH104 Cell Injection,B7-H3,Dushu Lake Hospital Affiliated to Soochow University,RECRUITING,"Brain Gliomas, High-Grade Gliomas, GBM","PHASE1, PHASE2",2025-08-13,2023-06-01,2027-12-31,25,Phase 1: Incidence of Adverse Events (AEs),No Change,2026-02-05,"B7-H3 is expressed at low levels in normal tissues but overexpressed in various tumor tissues. The ubiquitous expression of B7-H3 in tumors of different grades is a key feature for brain gliomas. The immunohistochemistry study showed that B7-H3 is abundantly expressed on both glioma (especially high-grade glioma) cells and tumor-associated endothelial cells. For GBM, the expression of B7-H3 is intensely positive, especially on tumor cells and vascular endothelial cells, which makes B7-H3 a potential immunotherapeutic target.

γδ T cells recognize tumor cells without being restricted by MHC molecules, and thus can be used in allogeneic therapy without the risk of causing graft-versus-host disease.

This study is an open-label, single-arm, dose-escalation and dose-expansion clinical study aimed at evaluating the safety and efficacy of allogeneic B7-H3 CAR γδT in patients with malignant glioma.",
NCT06646627,Clinical Trial of Autologous B7-H3 CAR T Cells in Reoccurent Platinum-resistant Ovarian Tumors,B7-H3,Stanford University,RECRUITING,Ovarian Cancer,PHASE1,2026-02-05,2024-11-11,2026-07,48,Feasibility of B7-H3CART Manufacturing,No Change,2026-02-10,"This is a single site, open label, Phase 1 study using a 3 + 3 dose escalation design in two cohorts of adults with recurrent, platinum-resistant ovarian tumors.",
NCT06347068,Study of Autologous CAR-T Cells Targeting B7-H3 in TNBC iC9-CAR.B7-H3 T Cells,B7-H3,UNC Lineberger Comprehensive Cancer Center,RECRUITING,"Breast Cancer, Relapse, Resistant Cancer, Triple Negative Breast Cancer",PHASE1,2026-04-17,2024-06-27,2028-05,42,Toxicity: NCI-CTCAE,Changed,2026-05-26,"T lymphocyte chimeric antigen receptor cells against the B7-H3 antigen (iC9-CAR.B7-H3 T cells) treatment is experimental and has not been approved by the Food and Drug Administration. The safety of iC9-CAR.B7-H3 T cells will be investigated using a modified 3+3 design. The data from the dose escalation will be used to determine a recommended phase 2 dose (RP2D), which will be decided based on the maximum tolerated dose (MTD) and additional factors such as the ability to manufacture sufficient cells for infusion.

Subjects with TNBC who meet procurement eligibility criteria will have cells collected to manufacture iC9-CAR.B7-H3 T cells. Eligible subjects will receive lymphodepletion with cyclophosphamide and fludarabine.",
NCT04432649,Targeting CD276 (B7-H3) Positive Solid Tumors by 4SCAR-276,B7-H3,Shenzhen Geno-Immune Medical Institute,UNKNOWN,Solid Tumor,"PHASE1, PHASE2",2020-06-11,2020-06-01,2024-05-31,100,Number of patients with adverse events,No Change,2026-02-05,"Background: Patients with refractory and/or recurrent solid tumors have poor prognosis despite complex multimodal therapy; therefore, novel curative approaches are needed. The investigators are attempting to use T cells obtained directly from the patient, which can be genetically modified to express a 4th generation CD276-specific chimeric antigen receptor (4SCAR-276). The CAR molecules enable the T cells to recognize and kill tumor cells through the recognition of the surface CD276, which is expressed at high levels on tumor cells including brain tumors, Ewing's sarcoma (PNET) and many other tumors but not at significant levels on normal tissues. This study will evaluate the side effects and the best dose of a novel 4th generation anti-CD276 CAR T cells to target refractory and/or recurrent solid tumors.

Design:

1. Participants will be screened through physical exam and medical history. Blood and tumor tissue samples will be collected. Imaging studies will be performed.
2. Peripheral blood mononuclear cells (PBMC) will be obtained by apheresis, and T cells will be activated and modified to express the 4SCAR-276 gene.
3. On Day -5 to -7, PBMC will be activated and enriched for T cells, which will be followed by 4SCAR-276 lentiviral transduction. The total culture time is approximately 5-7 days.
4. Participants will receive a preparative conditioning regimen comprising cyclophosphamide/fludarabine to prepare their immune system to accept the modified CAR T cells. The preparative regimen will be based on patient immune condition and consistent with standard chemotherapy conditioning regimen.
5. The patients will receive \~10\^6 CART cells/kg body weight per infusion, and may receive additional booster CART infusions if positive outcome is recorded.",
NCT02982941,Enoblituzumab (MGA271) in Children With B7-H3-expressing Solid Tumors,B7-H3,MacroGenics,COMPLETED,"Neuroblastoma, Rhabdomyosarcoma, Osteosarcoma, Ewing Sarcoma, Wilms Tumor, Desmoplastic Small Round Cell Tumor",PHASE1,2022-02-04,2016-12,2019-05-22,25,Safety and tolerability of enoblituzumab.,No Change,2026-02-05,"This study is a Phase 1, open-label, dose escalation and cohort expansion trial designed to characterize the safety, tolerability, PK, PD, immunogenicity and preliminary antitumor activity of enoblituzumab administered IV on a weekly schedule for up to 96 doses (approximately 2 years) in children and young adults with B7-H3-expressing relapsed or refractory malignant solid tumors.

The study consists of a Dose Escalation Phase to determine the MTD (or MAD) of enoblituzumab followed by a Cohort Expansion Phase to further define the safety and initial antitumor activity of enoblituzumab. In the cohort expansion phase, 5 cohorts of 10 patients each will be enrolled to further evaluate the safety and potential efficacy of enoblituzumab administered at the MTD/MAD in patients with:1) neuroblastoma - measurable disease, 2) neuroblastoma - non-measurable disease, 3) rhabdomyosarcoma, 4) osteosarcoma, and 5) Ewing's sarcoma, Wilms' tumor, desmoplastic small round cell tumors, or malignant solid tumors of any other histology that test positive for B7-H3.

All tumor evaluations will be carried out by both Response Evaluation Criteria in Solid Tumors (RECIST) and immune-related response criteria (irRC). Disease assessment in patients with neuroblastoma will use neuroblastoma overall response criteria.",
NCT05562024,TAA06 Injection in the Treatment of Patients With B7-H3-positive Relapsed/ Refractory Neuroblastoma,B7-H3,"PersonGen BioTherapeutics (Suzhou) Co., Ltd.",RECRUITING,B7-H3-positive Relapsed/ Refractory Neuroblastoma,PHASE1,2023-02-23,2022-12-30,2039-02-18,24,MTD,No Change,2026-02-05,"In the dose-escalation phase of the Phase I clinical trial, a traditional 3+3 trial design was adopted, with a total of 3 dose groups designed. The dose of T/kg was gradually increased, and a total of 12-18 subjects with relapsed/refractory neuroblastoma were enrolled.Within each dose group, the next subject can be dosed after the previous subject has completed at least 14 days of safety observations. After the last subject of each dose group completed the dose-limited toxicity (DLT) evaluation within 28 days after a single dose, the SMC (Safety Monitoring Committee) agreed to enter the next dose group after evaluating the clinical safety data. After that, the enrolment treatment for the next dose group can be started.When 1 DLT occurs in 3 subjects in a dose group, 3 additional subjects in the same dose group (up to 6 subjects in this dose group complete the DLT assessment): If the additional 3 subjects If no DLT occurs, continue dose escalation; if 1 out of 3 additional subjects develops DLT, stop dose escalation; if \&gt; 1 of 3 additional subjects develops DLT DLT, then stop the dose escalation, and at the same time need to reduce a dose to continue to enroll 3 subjects for DLT evaluation.

In the dose expansion phase of the Phase I clinical trial, SMC will review the obtained safety and available data on efficacy, PK, immunogenicity, etc., and give the RP2D dose after comprehensive evaluation. In the dose expansion phase, the RP2D dose group will continue to be enrolled 3 \~6 subjects, further clarify the preliminary efficacy and safety of RP2D.",
NCT04670068,Phase I Study of Autologous CAR T-Cells Targeting the B7-H3 Antigen in Recurrent Epithelial Ovarian,B7-H3,UNC Lineberger Comprehensive Cancer Center,ACTIVE_NOT_RECRUITING,Epithelial Ovarian Cancer,PHASE1,2025-12-04,2021-01-27,2030-02,4,Number of Participants With Dose Limiting Toxicities (DLTs) Based on National Cancer Institute's Common Terminology Criteria for Adverse Events (CTCAE),No Change,2026-02-05,"This study is intended for the patients who have been diagnosed with Epithelial Ovarian Cancer that either came back or did not improve after previous treatments. The purpose of this study is to test the safety of using a new treatment called autologous T lymphocyte chimeric antigen receptor cells against the B7-H3 antigen (CAR.B7-H3 T cells) in patients with ovarian cancer. This treatment has not been approved by the Food and Drug Administration.

The study investigator's goal is to calculate the Maximum tolerated dose of the CAR.B7-H3 cells There are two parts to this study. In part 1, subject's blood sample will be used to manufacture the CAR.B7-H3 T cells.

Ovarian cancer cells carry a substance called B7-H3 which is not found in other healthy cells. the subject's T cells will be modified to make CAR.B7-H3 T cells so they may attack and destroy ovarian cancer cells that carry the B7-H3 substance. The CAR.B7-H3 T cells are given through a catheter in the abdomen, after completing three rounds of lymphodepletion chemotherapy. Lymphodepletion chemotherapy prepares the body to receive the CAR.B7-H3 T cells.

In part 2 of the study, the subjects will receive the CAR.B7-H3 T cells. Eligible patients will receive lymphodepletion chemotherapy with cyclophosphamide and fludarabine for three consecutive days. If they continue to meet the eligibility criteria, the modified CAR.B7-H3 T cells will be given to them 2-14 days after the last lymphodepletion chemotherapy session. Three infusions of the CAR.B7-H3 T cells may be given to the subject through a catheter in the abdomen. Infusions will be done once a week.

Lymphodepletion chemotherapy and infusion of the CAR.B7-H3 T cells will happen at UNC Cancer Hospital. On the days the subjects receive the CAR.B7-H3 T cells infusion- Blood, fluid, and tumor samples will be collected from the subject for research purposes. Tumor biopsies are a mandatory part of this research.

Post infusion visits are - 3, 4, and 6 weeks. Additional visits will happen every 3 months for one year after the last infusion. Similar follow-up clinic visits will be completed annually, for a total of 5 years.

This is a research study to obtain new information that may help people in the future.",
NCT05241392,Safety and Efficacy Study of Anti-B7-H3 CAR-T Cell Therapy for Recurrent Glioblastoma,B7-H3,Beijing Tiantan Hospital,ACTIVE_NOT_RECRUITING,Glioblastoma,PHASE1,2026-04-28,2022-01-27,2026-12-31,30,Incidence of Dose Limiting Toxicity (DLT),Changed,2026-05-26,"This is an open, single-arm, dose-escalation and multiple-dose study to evaluate the safety, tolerability and preliminary effectiveness of B7-H3-targeting Chimeric Antigen Receptor-T (CAR-T) cell therapy on patients with recurrent glioblastomas. The study also plan to explore the Maximum Tolerated Dose (MTD) and determine the Recommended Phase II Dose (RP2D) of the CAR-T cell therapy.",
NCT03406949,MGD009/MGA012 Combination in Relapsed/Refractory Cancer,B7-H3,MacroGenics,COMPLETED,Advanced Solid Tumors,PHASE1,2022-05-18,2018-02-27,2022-04-27,25,Incidence of Treatment-Emergent Adverse Events as assessed by CTCAE v4.03,No Change,2026-02-05,"This study is a Phase 1, open-label, dose escalation, and cohort expansion study designed to characterize the safety, tolerability, PK, pharmacodynamics, immunogenicity, and preliminary antitumor activity of the combination of obrindatamab and retifanlimab, each of which is administered by IV infusion. The study consists of a Dose Escalation Phase to determine the Maximum Tolerated Dose (MTD) or Maximum Administered Dose (MAD) (if no MTD is defined) of the combination, followed by a Cohort Expansion Phase to further define the safety and initial antitumor activity of the combination with the doses established in the Dose Escalation Phase. Patients with B7-H3-expressing unresectable, locally advanced, or metastatic solid tumors of any histology will be enrolled in the Dose Escalation Phase. Following the establishment of an MTD, additional patients with specific tumor types will enroll in the Cohort Expansion Phase.",
NCT05366179,Autologous CAR-T Cells Targeting B7-H3 in Recurrent or Refractory GBM CAR.B7-H3Tc,B7-H3,UNC Lineberger Comprehensive Cancer Center,RECRUITING,Glioblastoma Multiforme,PHASE1,2026-04-16,2022-09-02,2030-05-30,36,Number of participants with adverse event,Changed,2026-05-26,"This is a phase 1, single center, open-label study aims to determine the safety of escalating doses of chimeric antigen receptor T cells (CAR-T) cells targeting the B7-H3 antigen administered via intraventricular infusion to adult subjects with relapsed or refractory glioblastoma (GBM).

Subjects with GBM who meet procurement eligibility criteria will have cells collected following their initial surgical resection to manufacture CAR.B7-H3T cells, preferably prior to initiation of adjuvant chemoradiation.

At the time that the subjects have confirmed refractory or recurrent GBM, CAR.B7-H3T cells will be manufactured for subjects who likely to be eligible for cell infusion.

Eligible subjects will receive up to 3 weekly infusions of CAR.B7-H3 cells. To receive the additional cycles of CAR.B7-H3 cells, all treatment-related toxicities must have resolved to grade \< 3, the subject must not have experienced a dose limiting toxicity (DLT) and the subject must not have progressive disease that has been confirmed by magnetic resonance imaging per Immunotherapy response assessment in neuro-oncology criteria.

The data from the dose escalation will be used to determine a recommended phase 2 dose (RP2D), which will be decided on based on the maximum tolerated dose (MTD) and additional factors such as the feasibility of administering infusions.",
NCT07172958,Selective Antigen Specific T Cells and CAR T Cells in Subjects With Relapsed/Refractory Embryonal Tumors (SABRE),B7-H3,Children's National Research Institute,RECRUITING,"Rhabdomyosarcoma, Ewing Sarcoma, Neuroblastoma, Wilms Tumor",PHASE1,2026-05-20,2026-01-27,2038-12,18,Grade 3 or more immediate infusion-related adverse event,Changed,2026-05-26,"This protocol is designed as a phase I dose-escalation study. Procurement phase: During the procurement phase of this protocol, upon SABRE Procurement Consent and procurement eligibility confirmation, participants will undergo a non-mobilized apheresis for collection of mononuclear cells to be used for the CAR-TA T cell product manufacturing.

Treatment phase: Once the CAR-TA T cell products are released and patients are confirmed eligible for CAR-TA T cell product infusion, participants will undergo protocol therapy at Children's National Hospital, consisting of a standard Lymphodepleting chemotherapy preparative regimen with fludarabine and cyclophosphamide, followed by intravenous infusion of the combined CAR-TA T cell product. The DNR-TA T cells and B7-H3 CAR T cells will be generated and combined into a final product comprised of the two T cell components combined at a 1:1 ratio. Patients will be enrolled to one of three CAR-TA T cell product dose levels (dose levels 1, 2 and 3). There are provisions in place to dose de-escalate for safety concerns (dose level -1).

Fludarabine will be administered intravenously once daily over 30 minutes, days -5 through -2 (4 doses in total). The dose of fludarabine will be 30 mg/m2 /day. Cyclophosphamide will be administered intravenously once daily over 30 minutes, days -5 and -4 (2 doses in total). The dose of cyclophosphamide will be 500 mg/m2 /day.

The first 3 patients enrolled on study will be ≥ 12 years of age at enrollment and treated at dose level 1 (1 x 10e6/kg). If no DLTs are observed in this cohort, enrollment at dose levels 2 (3 x 10e6/kg) and 3 (10 x 10e6/kg) will expand to include patients aged ≥ 1 year and \< 24 years.

Patients will remain admitted for at least 7 days following the CAR-TA T cell infusion. All infused patients will be followed with weekly visits during the 28-day dose-limiting toxicity monitoring period where they will be clinically assessed, and safety and research blood draws will be performed.

Ideally, patients should not receive other systemic or local cancer-directed therapies for at least 28 days after the CAR-TA T cell infusion.

Participants will be followed closely for 1 year following the CAR-TA T-cell infusion. After 1 year, yearly assessments will be done up to 15 years. The visits will consist of labs and examinations as well as talking to participants about how they are feeling. Participants will be followed for toxicity until the last follow-up post CAR-TA T cell product administration.

This study will be conducted at Children's National Hospital (CNH). Cell culture manipulations will be carried out in the CETI Good Manufacturing Practice (GMP) facility within Children's National Hospital using current standard operating procedures (SOPs).

Up to 18 participants will be treated on this protocol to meet the primary objective over an estimated accrual period of 5 years",
NCT06454955,Study on B7-H3 Targeted Affibody Radioligand Probes for PET Imaging of Solid Tumors,B7-H3,Peking University Cancer Hospital & Institute,RECRUITING,"B7H3, CD276 Affibody, PET/CT Imaing",EARLY_PHASE1,2024-08-21,2024-01-01,2026-11-30,50,SUV,No Change,2026-02-05,"Based on \[68Ga\]B7H3 Affibody-BCH, this study investigates its radioactive uptake and imaging capabilities in tumor patients, with the aim of establishing a correlation between radioactive uptake and B7-H3 receptor expression. Utilizing whole-body PET technology, the pharmacokinetic dynamics of \[68Ga\]B7H3 Affibody-BCH are examined to ascertain its pharmacological characteristics. Ultimately, this research establishes a framework for pharmacokinetic analysis using whole-body PET.",
NCT05752877,Safety and Efficacy of Targeted IL-13 Rα2 or B7-H3 UCAR-T for Advanced Glioma,B7-H3,Second Affiliated Hospital of Soochow University,UNKNOWN,"Advanced Glioma, Complication of Chimeric Antigen Receptor (CAR-T) Cell Therapy",NA,2023-03-02,2021-05-01,2026-04-30,12,Objective Response Rate,Changed,2026-05-26,"The goal of this clinical trial is to estimate the safety, tolerance and initial efficacy of target IL-13Rα2 or B7-H3 UCAR-T cell injection in the treatment of patients with advanced glioma, as well as the pharmacokinetic characteristics of its metabolites after single and multiple administrations and the biomarkers related to efficacy, safety and drug metabolism.",
NCT05190185,A Clinical Trial of TAA06 Injection in Advanced Solid Tumors,B7-H3,"PersonGen BioTherapeutics (Suzhou) Co., Ltd.",UNKNOWN,"Malignant Melanoma, Lung Cancer, or Colorectal Cancer",PHASE1,2021-12-29,2021-06-01,2023-12-01,18,Assessment of the safety after B7-H3 chimeric antigen receptor T cells infusion (Safety),No Change,2026-02-05,"B7-H3 (also known as CD276) is widely expressed on the surface of a variety of malignancies solid tumors, while it rarely or even doesn't express on normal tissues. Therefore, B7-H3 is an ideal target for chimeric antigen receptor (CAR) T cells therapy. TAA06 injection is a CAR T injection targeting B7-H3. This is a phase I clinical study with the primary objective of evaluating the safety and tolerability of TAA06 injection in subjects with TAA06-positive advanced solid tumors. The secondary objectives are as follows: to evaluate the distribution, proliferation and persistence of B7-H3-targeted CAR T cells after injection of TAA06 in subjects; to preliminarily evaluate the efficacy of TAA06 injection in subjects with TAA06-positive advanced solid tumor.",
NCT03198052,GPC3/Mesothelin/Claudin18.2/GUCY2C/B7-H3/PSCA/PSMA/MUC1/TGFβ/HER2/Lewis-Y/AXL/EGFR-CAR-T Cells Against Cancers,B7-H3,Second Affiliated Hospital of Guangzhou Medical University,RECRUITING,"Lung Cancer, Cancer, Immunotherapy, CAR-T Cell",PHASE1,2024-06-22,2017-07-01,2036-08-01,30,Number of Patients with Dose Limiting Toxicity,No Change,2026-02-05,"1. Choose appropriate patients with advanced lung or other cancers,with written consent for this study;
2. Perform biopsy to determine the expression of HER2, Mesothelin, Lewis-Y, PSCA, MUC1, GPC3, AXL, EGFR, Claudin18.2, or B7-H3 of the tumor by western blotting or IHC;
3. Collect blood from the patients and isolate mononuclear cells, activate the T cells and transfect the T cells with GPC3, Mesothelin, Claudin18.2, GUCY2C, B7-H3, PSCA, PSMA, MUC1, TGFβ, HER2, Lewis-Y, AXL, or EGFR targeting CAR, amplify the transfected T cells as needed, test the quality and killing activity of the CAR-T cells and then transfer them back the patients via systemic or local injections, and follow up closely to collect related results as needed;
4. To enhance the killing capability, CD4+ T cells are genetically engineered to express TGFβ-CAR and secret IL7/CCL19 and/or SCFVs against PD1/CTLA4/Tigit; CD8+T cells are constructed to express GPC3/Mesothelin/Claudin18.2/GUCY2C/B7-H3/PSCA/PSMA/MUC1/TGFβ/HER2/Lewis-Y/AXL/EGFR

   -DAP10-CAR with knockdown of PD1/HPK1;
5. Other cancers with these cell surface antigen expressions are also recruited if needed;
6. Evaluate the clinical results as needed.",
NCT05731219,UTAA06 Injection in the Treatment of Relapsed/Refractory Acute Myeloid Leukemia,B7-H3,"PersonGen BioTherapeutics (Suzhou) Co., Ltd.",UNKNOWN,Relapsed/Refractory Acute Myeloid Leukemia,PHASE1,2023-02-15,2022-09-26,2025-09-26,18,Assessment of the safety after UTAA06 injection treatment (Safety),No Change,2026-02-05,"This study is a single arm, open label, dose increasing study to explore the characteristics of drug safety, tolerance and cell kinetics, and preliminarily observe the efficacy of the study drug in patients with relapsed/refractory B7-H3 positive acute myeloid leukemia, so as to explore the formal clinical appropriate dose.

After the subjects who signed the informed consent form were screened by the inclusion/exclusion criteria, the qualified subjects will enter 1.0 in order of priority × 108，3.0 × 108 and 6.0 × 108 CAR gdT groups were administered once. The ""3+3"" design was adopted in the dose increasing study, that is, 3-6 subjects in each group completed a single dose.

After the last subject in each dose group completed the dose limiting toxicity (DLT) assessment window 28 days after the single administration, the next dose group can be started after the Safety Monitoring Committee (SRC) agrees to enter the next dose group based on the evaluation of clinical safety data.

When 1 DLT occurs in 3 subjects in a certain dose group, 3 subjects need to be added in the same dose group (up to 6 subjects in this dose group complete DLT evaluation): if the added 3 subjects have no DLT, the dose will continue to increase; If one of the three additional subjects has DLT, stop the dose increase; If more than one of the three additional subjects has DLT, stop the dose increase, and at the same time, reduce one dose to continue the DLT evaluation of the three subjects.

The SRC can decide whether to increase or decrease the dose groups or adjust the dose of groups according to the pharmacokinetic results obtained during the study.",
NCT06169904,B7-Family Score in Urothelial Carcinoma,B7-H3,Shanghai Zhongshan Hospital,COMPLETED,Urothelial Carcinoma,N/A,2023-12-12,2012-01-25,2022-11-22,215,Death,No Change,2026-02-05,"On the basis of established findings in the prognostic and functional properties of the three B7 family members, i.e., PD-L1, B7-H3, and B7-H4, we employed the IMVigor210 cohort as the discovery cohort to establish the concept of B7 Family Score (BFS). To maximize the prognostic value of the system, we introduced the R package survMisc (0.5.5) in the IMvigor210 cohort to determine the best cut-off value of mRNA expression level of the B7 family members (i.e. CD274, CD276, and VTCN1) by calculating the minimum log-rank P value accordingly.",
NCT07307053,Rare Tumor Focused Platform Study of Innovative Therapies and Technologies (PLATFORM2),B7-H3,"Cancer Institute and Hospital, Chinese Academy of Medical Sciences",NOT_YET_RECRUITING,"Rare Malignant Neoplasm, Advanced Solid Tumors, Metastatic Solid Tumors","PHASE1, PHASE2",2025-12-13,2026-01-01,2031-01-31,600,Objective Response Rate (ORR),No Change,2026-02-05,"This is an open-label, non-randomized, multi-arm, single-center Phase I/II platform study (PLATFORM2). Based on the definition of rare tumors in China (incidence \< 2.5/100,000 or specific list), eligible patients will undergo multi-omics screening. Based on the molecular profiling results (gene variations or protein expression), patients will be assigned to corresponding treatment arms (Sub-studies). Therapies include small molecules, protein drugs, Cell and Gene Therapy (CGT) products, and therapeutic vaccines. The study employs a Clopper-Pearson Two-Stage Minimax design for each arm.",
NCT04465643,Neoadjuvant Nivolumab Plus Ipilimumab for Newly Diagnosed Malignant Peripheral Nerve Sheath Tumor,B7-H3,Sidney Kimmel Comprehensive Cancer Center at Johns Hopkins,COMPLETED,Nerve Sheath Tumors,PHASE1,2026-05-27,2021-06-08,2025-07-30,13,Safety of combination nivolumab and ipilimumab as assessed by number of participants who experience adverse events,Changed,2026-05-30,"The purpose of the study is to evaluate safety and feasibility of neoadjuvant nivolumab plus ipilimumab prior to standard therapy (surgery, chemotherapy or radiation therapy) in patients with Neurofibromatosis Type 1 (NF1) and newly diagnosed pre-malignant and malignant peripheral nerve sheath tumors (MPNST) for whom surgery for resection of tumor is indicated.",
